{
	"info": {
		"_postman_id": "959ddb0f-58d7-420f-9384-a2d424b23ebb",
		"name": "Kolekcija2",
		"schema": "https://schema.getpostman.com/json/collection/v2.1.0/collection.json"
	},
	"item": [
		{
			"name": "http://localhost:8081/api/login",
			"request": {
				"method": "POST",
				"header": [],
				"body": {
					"mode": "raw",
					"raw": "  {\r\n \"username\":\"aleksasimeunovic\",\r\n    \"password\":\"aleksa123\"\r\n}",
					"options": {
						"raw": {
							"language": "json"
						}
					}
				},
				"url": {
					"raw": "http://localhost:8081/api/login",
					"protocol": "http",
					"host": [
						"localhost"
					],
					"port": "8081",
					"path": [
						"api",
						"login"
					]
				}
			},
			"response": []
		},
		{
			"name": "http://localhost:8081/api/register/menadzer",
			"request": {
				"method": "POST",
				"header": [],
				"body": {
					"mode": "raw",
					"raw": "{\r\n\"username\":\"Nemkac\",\r\n\"password\":\"Nemkac123\",\r\n\"name\":\"Nemanja\",\r\n\"lastName\":\"Todorovic\",\r\n\"pol\":\"Musko\"\r\n\r\n}",
					"options": {
						"raw": {
							"language": "json"
						}
					}
				},
				"url": {
					"raw": "http://localhost:8081/api/register/menadzer",
					"protocol": "http",
					"host": [
						"localhost"
					],
					"port": "8081",
					"path": [
						"api",
						"register",
						"menadzer"
					]
				}
			},
			"response": []
		},
		{
			"name": "http://localhost:8081/api/admin/createRestoran",
			"request": {
				"method": "POST",
				"header": [],
				"body": {
					"mode": "raw",
					"raw": "\r\n{\r\n\"naziv\":\"Canzona\",\r\n\"adresa\":\"Janka Cmelika 23\",\r\n\"tip\":\"Italijanski\",\r\n\"gSirina\":200,\r\n\"gVisina\":300,\r\n\"menadzer\":\"Nemkac\"\r\n}",
					"options": {
						"raw": {
							"language": "json"
						}
					}
				},
				"url": {
					"raw": "http://localhost:8081/api/admin/createRestoran",
					"protocol": "http",
					"host": [
						"localhost"
					],
					"port": "8081",
					"path": [
						"api",
						"admin",
						"createRestoran"
					]
				}
			},
			"response": []
		},
		{
			"name": "http://localhost:8081/api/login",
			"request": {
				"method": "POST",
				"header": [],
				"body": {
					"mode": "raw",
					"raw": "  {\r\n \"username\":\"Nemkac\",\r\n\"password\":\"Nemkac123\"\r\n}",
					"options": {
						"raw": {
							"language": "json"
						}
					}
				},
				"url": {
					"raw": "http://localhost:8081/api/login",
					"protocol": "http",
					"host": [
						"localhost"
					],
					"port": "8081",
					"path": [
						"api",
						"login"
					]
				}
			},
			"response": []
		},
		{
			"name": "http://localhost:8081/api/menadzer/status",
			"request": {
				"method": "PUT",
				"header": [],
				"body": {
					"mode": "raw",
					"raw": "{\r\n\"username\":\"Nemkac\",\r\n\"password\":\"Nemkac123\"\r\n}",
					"options": {
						"raw": {
							"language": "json"
						}
					}
				},
				"url": {
					"raw": "http://localhost:8081/api/menadzer/status",
					"protocol": "http",
					"host": [
						"localhost"
					],
					"port": "8081",
					"path": [
						"api",
						"menadzer",
						"status"
					]
				}
			},
			"response": []
		},
		{
			"name": "http://localhost:8081/api/menadzer/dodavanjeArtikla",
			"request": {
				"method": "POST",
				"header": [],
				"body": {
					"mode": "raw",
					"raw": "{\r\n\"naziv\":\"CocaCola\",\r\n\"cena\":70,\r\n\"tip\":\"Pice\"\r\n}",
					"options": {
						"raw": {
							"language": "json"
						}
					}
				},
				"url": {
					"raw": "http://localhost:8081/api/menadzer/dodavanjeArtikla",
					"protocol": "http",
					"host": [
						"localhost"
					],
					"port": "8081",
					"path": [
						"api",
						"menadzer",
						"dodavanjeArtikla"
					]
				}
			},
			"response": []
		},
		{
			"name": "http://localhost:8081/api/menadzer/dodavanjeArtikla",
			"request": {
				"method": "POST",
				"header": [],
				"body": {
					"mode": "raw",
					"raw": "{\r\n\"naziv\":\"Pizza\",\r\n\"cena\":70,\r\n\"tip\":\"Jelo\"\r\n}",
					"options": {
						"raw": {
							"language": "json"
						}
					}
				},
				"url": {
					"raw": "http://localhost:8081/api/menadzer/dodavanjeArtikla",
					"protocol": "http",
					"host": [
						"localhost"
					],
					"port": "8081",
					"path": [
						"api",
						"menadzer",
						"dodavanjeArtikla"
					]
				}
			},
			"response": []
		},
		{
			"name": "http://localhost:8081/api/menadzer/dodavanjeArtikla",
			"request": {
				"method": "POST",
				"header": [],
				"body": {
					"mode": "raw",
					"raw": "{\r\n\"naziv\":\"Tortilja\",\r\n\"cena\":70,\r\n\"tip\":\"Jelo\"\r\n}",
					"options": {
						"raw": {
							"language": "json"
						}
					}
				},
				"url": {
					"raw": "http://localhost:8081/api/menadzer/dodavanjeArtikla",
					"protocol": "http",
					"host": [
						"localhost"
					],
					"port": "8081",
					"path": [
						"api",
						"menadzer",
						"dodavanjeArtikla"
					]
				}
			},
			"response": []
		},
		{
			"name": "http://localhost:8081/api/kupac/register",
			"request": {
				"method": "POST",
				"header": [],
				"body": {
					"mode": "raw",
					"raw": "{\r\n\"username\":\"Marko\",\r\n\"password\":\"Marko123\",\r\n\"name\":\"Marko\",\r\n\"lastName\":\"Todorovic\",\r\n\"pol\":\"Musko\"\r\n\r\n}",
					"options": {
						"raw": {
							"language": "json"
						}
					}
				},
				"url": {
					"raw": "http://localhost:8081/api/kupac/register",
					"protocol": "http",
					"host": [
						"localhost"
					],
					"port": "8081",
					"path": [
						"api",
						"kupac",
						"register"
					]
				}
			},
			"response": []
		},
		{
			"name": "http://localhost:8081/api/login",
			"request": {
				"method": "POST",
				"header": [],
				"body": {
					"mode": "raw",
					"raw": "  {\r\n\"username\":\"Marko\",\r\n\"password\":\"Marko123\"\r\n}",
					"options": {
						"raw": {
							"language": "json"
						}
					}
				},
				"url": {
					"raw": "http://localhost:8081/api/login",
					"protocol": "http",
					"host": [
						"localhost"
					],
					"port": "8081",
					"path": [
						"api",
						"login"
					]
				}
			},
			"response": []
		},
		{
			"name": "http://localhost:8081/api/kupac/dodajukorpu",
			"request": {
				"method": "POST",
				"header": [],
				"body": {
					"mode": "raw",
					"raw": "{\r\n\"restoran\":\"Canzona\",\r\n\"id\":1,\r\n\"kolicina\":2\r\n}",
					"options": {
						"raw": {
							"language": "json"
						}
					}
				},
				"url": {
					"raw": "http://localhost:8081/api/kupac/dodajukorpu",
					"protocol": "http",
					"host": [
						"localhost"
					],
					"port": "8081",
					"path": [
						"api",
						"kupac",
						"dodajukorpu"
					]
				}
			},
			"response": []
		},
		{
			"name": "http://localhost:8081/api/kupac/poruci",
			"request": {
				"method": "POST",
				"header": [],
				"body": {
					"mode": "raw",
					"raw": "",
					"options": {
						"raw": {
							"language": "json"
						}
					}
				},
				"url": {
					"raw": "http://localhost:8081/api/kupac/naruci",
					"protocol": "http",
					"host": [
						"localhost"
					],
					"port": "8081",
					"path": [
						"api",
						"kupac",
						"naruci"
					]
				}
			},
			"response": []
		},
		{
			"name": "http://localhost:8081/api/kupac/porudzbine",
			"protocolProfileBehavior": {
				"disableBodyPruning": true
			},
			"request": {
				"method": "GET",
				"header": [],
				"body": {
					"mode": "raw",
					"raw": "\r\n{\r\n\"restoran\":\"Canzona\",\r\n\"artikli\":[\"Pizza\",\"Tortilja\",\"CocaCola\"],\r\n\"kolicina\":[1,2,3]\r\n}",
					"options": {
						"raw": {
							"language": "json"
						}
					}
				},
				"url": {
					"raw": "http://localhost:8081/api/kupac/porudzbine",
					"protocol": "http",
					"host": [
						"localhost"
					],
					"port": "8081",
					"path": [
						"api",
						"kupac",
						"porudzbine"
					]
				}
			},
			"response": []
		},
		{
			"name": "http://localhost:8081/api/register/dostavljac",
			"request": {
				"method": "POST",
				"header": [],
				"body": {
					"mode": "raw",
					"raw": "{\r\n\"username\":\"Nemkacc\",\r\n\"password\":\"Nemkac123\",\r\n\"name\":\"Nemanja\",\r\n\"lastName\":\"Todorovic\",\r\n\"pol\":\"Musko\"\r\n\r\n}",
					"options": {
						"raw": {
							"language": "json"
						}
					}
				},
				"url": {
					"raw": "http://localhost:8081/api/register/dostavljac",
					"protocol": "http",
					"host": [
						"localhost"
					],
					"port": "8081",
					"path": [
						"api",
						"register",
						"dostavljac"
					]
				}
			},
			"response": []
		},
		{
			"name": "http://localhost:8081/api/login",
			"request": {
				"method": "POST",
				"header": [],
				"body": {
					"mode": "raw",
					"raw": "  {\r\n\"username\":\"Nemkacc\",\r\n\"password\":\"Nemkac123\"\r\n}",
					"options": {
						"raw": {
							"language": "json"
						}
					}
				},
				"url": {
					"raw": "http://localhost:8081/api/login",
					"protocol": "http",
					"host": [
						"localhost"
					],
					"port": "8081",
					"path": [
						"api",
						"login"
					]
				}
			},
			"response": []
		},
		{
			"name": "http://localhost:8081/api/kupac/porudzbine",
			"request": {
				"method": "PUT",
				"header": [],
				"body": {
					"mode": "raw",
					"raw": "",
					"options": {
						"raw": {
							"language": "json"
						}
					}
				},
				"url": {
					"raw": "http://localhost:8081/api/dostavljac/preuzmi/3e02bcd3-43b5-471b-954a-978003bd2d84",
					"protocol": "http",
					"host": [
						"localhost"
					],
					"port": "8081",
					"path": [
						"api",
						"dostavljac",
						"preuzmi",
						"3e02bcd3-43b5-471b-954a-978003bd2d84"
					]
				}
			},
			"response": []
		}
	]
}